{
  "Whale_output": [
    {
      "Whale_id": 6,
      "click_arrival_times_sec": [
        0.05969791666666667,
        0.52759375,
        0.985875,
        1.4503333333333333,
        1.9104114583333334,
        2.8513177083333332,
        3.3974010416666669,
        3.9022291666666664,
        4.378953125,
        4.8414895833333329,
        5.2971458333333334,
        5.7595416666666672,
        6.2161822916666667,
        6.67175,
        7.1267135416666667,
        7.582,
        8.0561979166666671,
        8.6526510416666671,
        9.3598541666666666,
        9.8684583333333329,
        10.350052083333333,
        10.811109375000001,
        11.262572916666667,
        11.713427083333332,
        12.162583333333334,
        12.609958333333333,
        13.0563125,
        13.504166666666666,
        13.955244791666667,
        14.421765624999999,
        15.061197916666666,
        15.574536458333334,
        16.048489583333332,
        16.502947916666667,
        16.945354166666668,
        17.387177083333334,
        17.830364583333335,
        18.272697916666665,
        18.706234375,
        19.159447916666668,
        19.619375,
        20.095984375,
        20.72521875,
        21.285046875,
        21.825416666666666,
        22.372171875,
        22.92521875,
        23.484260416666668,
        24.033239583333334,
        24.58046875,
        25.136473958333333,
        25.747223958333333,
        26.318947916666666,
        26.863682291666667,
        27.404744791666666,
        28.635786458333332,
        29.282786458333334,
        29.849322916666665
      ],
      "click_arrival_times_datetime": [
        "29-Jul-2024 12:35:03",
        "29-Jul-2024 12:35:03",
        "29-Jul-2024 12:35:03",
        "29-Jul-2024 12:35:04",
        "29-Jul-2024 12:35:04",
        "29-Jul-2024 12:35:05",
        "29-Jul-2024 12:35:06",
        "29-Jul-2024 12:35:06",
        "29-Jul-2024 12:35:07",
        "29-Jul-2024 12:35:07",
        "29-Jul-2024 12:35:08",
        "29-Jul-2024 12:35:08",
        "29-Jul-2024 12:35:09",
        "29-Jul-2024 12:35:09",
        "29-Jul-2024 12:35:10",
        "29-Jul-2024 12:35:10",
        "29-Jul-2024 12:35:11",
        "29-Jul-2024 12:35:11",
        "29-Jul-2024 12:35:12",
        "29-Jul-2024 12:35:12",
        "29-Jul-2024 12:35:13",
        "29-Jul-2024 12:35:13",
        "29-Jul-2024 12:35:14",
        "29-Jul-2024 12:35:14",
        "29-Jul-2024 12:35:15",
        "29-Jul-2024 12:35:15",
        "29-Jul-2024 12:35:16",
        "29-Jul-2024 12:35:16",
        "29-Jul-2024 12:35:16",
        "29-Jul-2024 12:35:17",
        "29-Jul-2024 12:35:18",
        "29-Jul-2024 12:35:18",
        "29-Jul-2024 12:35:19",
        "29-Jul-2024 12:35:19",
        "29-Jul-2024 12:35:19",
        "29-Jul-2024 12:35:20",
        "29-Jul-2024 12:35:20",
        "29-Jul-2024 12:35:21",
        "29-Jul-2024 12:35:21",
        "29-Jul-2024 12:35:22",
        "29-Jul-2024 12:35:22",
        "29-Jul-2024 12:35:23",
        "29-Jul-2024 12:35:23",
        "29-Jul-2024 12:35:24",
        "29-Jul-2024 12:35:24",
        "29-Jul-2024 12:35:25",
        "29-Jul-2024 12:35:25",
        "29-Jul-2024 12:35:26",
        "29-Jul-2024 12:35:27",
        "29-Jul-2024 12:35:27",
        "29-Jul-2024 12:35:28",
        "29-Jul-2024 12:35:28",
        "29-Jul-2024 12:35:29",
        "29-Jul-2024 12:35:29",
        "29-Jul-2024 12:35:30",
        "29-Jul-2024 12:35:31",
        "29-Jul-2024 12:35:32",
        "29-Jul-2024 12:35:32"
      ],
      "boat_lat_dms": 1525.2596206896546,
      "boat_lon_dms": -6133.56074137931,
      "boat_lat_deg": 15.42099367816091,
      "boat_lon_deg": -61.55934568965516,
      "boat_heading_deg": 2.6353448275862061,
      "bearing_deg": 147.43826370772913,
      "Fs": 192000,
      "click_amplitudes": [
        0.022261425986091744,
        0.027026471965586638,
        0.048068239626194428,
        0.043539447774206673,
        0.040450067883336,
        0.011756855473807401,
        0.0047711803110585512,
        0.0050905646601797985,
        0.015939660775978921,
        0.047761447207024806,
        0.10445525417300153,
        0.11855556158074364,
        0.17200123954568602,
        0.3348874305858151,
        0.14291778553624176,
        0.057764777883229264,
        0.021896048656008856,
        0.0049939803826418031,
        0.0058192240692356749,
        0.0056820119404827054,
        0.0074823300899259475,
        0.0157133022928818,
        0.043554153745956906,
        0.046909915672958762,
        0.025388521890425921,
        0.019892215103458188,
        0.024863159073944888,
        0.036563830162485031,
        0.037523893685624192,
        0.021540829316193728,
        0.010855526082599357,
        0.020574252035077019,
        0.032713313899255331,
        0.030371221719258351,
        0.021585130584071813,
        0.01638209137513677,
        0.013544812618320794,
        0.014351835061226484,
        0.016037782324060407,
        0.018719188317075076,
        0.018653686219586171,
        0.027324190538335857,
        0.037207445172137185,
        0.02377400359934672,
        0.017873070299411077,
        0.021833370351754915,
        0.015543551736935285,
        0.011601684023514806,
        0.012440485853011935,
        0.012870208824244013,
        0.018237389403977372,
        0.020710873658664055,
        0.017898543177820317,
        0.026219751147020177,
        0.028871234438646004,
        0.048532738154266938,
        0.034225490420632311,
        0.02954442800334954
      ]
    }
  ]
}