{
  "Whale_output": [
    {
      "Whale_id": 4,
      "click_arrival_times_sec": [
        0.64234895833333339,
        1.1139375,
        1.585359375,
        2.8787135416666665,
        3.3040989583333333,
        4.1897604166666671,
        4.8349375000000006,
        5.2635833333333331,
        5.7252552083333335,
        6.40046875,
        6.825359375,
        7.87896875,
        8.5994166666666665,
        9.0719270833333336,
        9.79040625,
        11.136734375,
        11.906411458333334,
        15.0228125,
        15.525755208333333,
        16.144333333333332,
        16.69525,
        17.326453125,
        18.116567708333335,
        18.6545625,
        19.072692708333335,
        20.002791666666667,
        21.486380208333333,
        22.037692708333335,
        23.44440625,
        23.87578125,
        24.310286458333334,
        24.715677083333333,
        25.566828125,
        26.173791666666666,
        26.58246875,
        27.415953125,
        27.829958333333334,
        28.482098958333331,
        28.923161458333333,
        29.357192708333333,
        29.8169375
      ],
      "click_arrival_times_datetime": [
        "29-Jul-2024 12:35:03",
        "29-Jul-2024 12:35:04",
        "29-Jul-2024 12:35:04",
        "29-Jul-2024 12:35:05",
        "29-Jul-2024 12:35:06",
        "29-Jul-2024 12:35:07",
        "29-Jul-2024 12:35:07",
        "29-Jul-2024 12:35:08",
        "29-Jul-2024 12:35:08",
        "29-Jul-2024 12:35:09",
        "29-Jul-2024 12:35:09",
        "29-Jul-2024 12:35:10",
        "29-Jul-2024 12:35:11",
        "29-Jul-2024 12:35:12",
        "29-Jul-2024 12:35:12",
        "29-Jul-2024 12:35:14",
        "29-Jul-2024 12:35:14",
        "29-Jul-2024 12:35:18",
        "29-Jul-2024 12:35:18",
        "29-Jul-2024 12:35:19",
        "29-Jul-2024 12:35:19",
        "29-Jul-2024 12:35:20",
        "29-Jul-2024 12:35:21",
        "29-Jul-2024 12:35:21",
        "29-Jul-2024 12:35:22",
        "29-Jul-2024 12:35:23",
        "29-Jul-2024 12:35:24",
        "29-Jul-2024 12:35:25",
        "29-Jul-2024 12:35:26",
        "29-Jul-2024 12:35:26",
        "29-Jul-2024 12:35:27",
        "29-Jul-2024 12:35:27",
        "29-Jul-2024 12:35:28",
        "29-Jul-2024 12:35:29",
        "29-Jul-2024 12:35:29",
        "29-Jul-2024 12:35:30",
        "29-Jul-2024 12:35:30",
        "29-Jul-2024 12:35:31",
        "29-Jul-2024 12:35:31",
        "29-Jul-2024 12:35:32",
        "29-Jul-2024 12:35:32"
      ],
      "boat_lat_dms": 1525.2600243902441,
      "boat_lon_dms": -6133.560634146339,
      "boat_lat_deg": 15.421000406504069,
      "boat_lon_deg": -61.559343902438982,
      "boat_heading_deg": 2.5670731707317045,
      "bearing_deg": -29.502531050361689,
      "Fs": 192000,
      "click_amplitudes": [
        0.0018531649186370614,
        0.0018775529247636383,
        0.0016751817532404953,
        0.0017227861449516833,
        0.001835893201384048,
        0.0017076428055398183,
        0.0015484787034661515,
        0.0017530369806774619,
        0.0032814236606408596,
        0.0026024066475981932,
        0.0021209128582631393,
        0.0019711614143488013,
        0.0016520971250419856,
        0.003774797936773806,
        0.0013460840239278384,
        0.0010453409599521612,
        0.0015968372432698117,
        0.0054029288971266616,
        0.0055012577375063232,
        0.0063066421085598411,
        0.0069538620151028468,
        0.0026377571260432328,
        0.0036798714730959343,
        0.0029522766534815191,
        0.003147287616839287,
        0.0037007067464798686,
        0.013099611821256015,
        0.004915031367749261,
        0.016432893350715412,
        0.0075809981212422639,
        0.0023115323784000507,
        0.0024971336554837219,
        0.0024762037328168278,
        0.0027021493218763936,
        0.0028368475324127181,
        0.0025658939009737779,
        0.0017320545117522669,
        0.002307403102298604,
        0.002813392735178756,
        0.0023996190458960955,
        0.0021717938627781536
      ]
    }
  ]
}