{
  "Whale_output": [
    {
      "Whale_id": 4,
      "boat_lat_dms": 1525.2600243902441,
      "boat_lon_dms": -6133.560634146339,
      "boat_lat_deg": 15.421000406504069,
      "boat_lon_deg": -61.559343902438982,
      "boat_heading_deg": 2.5670731707317045,
      "bearing_deg": -29.502531050361689,
      "Fs": 192000,
      "click_amplitudes": [
        0.0018531649186370614,
        0.0018775529247636383,
        0.0016751817532404953,
        0.0017227861449516833,
        0.001835893201384048,
        0.0017076428055398183,
        0.0015484787034661515,
        0.0017530369806774619,
        0.0032814236606408596,
        0.0026024066475981932,
        0.0021209128582631393,
        0.0019711614143488013,
        0.0016520971250419856,
        0.003774797936773806,
        0.0013460840239278384,
        0.0010453409599521612,
        0.0015968372432698117,
        0.0054029288971266616,
        0.0055012577375063232,
        0.0063066421085598411,
        0.0069538620151028468,
        0.0026377571260432328,
        0.0036798714730959343,
        0.0029522766534815191,
        0.003147287616839287,
        0.0037007067464798686,
        0.013099611821256015,
        0.004915031367749261,
        0.016432893350715412,
        0.0075809981212422639,
        0.0023115323784000507,
        0.0024971336554837219,
        0.0024762037328168278,
        0.0027021493218763936,
        0.0028368475324127181,
        0.0025658939009737779,
        0.0017320545117522669,
        0.002307403102298604,
        0.002813392735178756,
        0.0023996190458960955,
        0.0021717938627781536
      ]
    }
  ]
}