{
  "Whale_output": [
    {
      "Whale_id": 2,
      "click_arrival_times_sec": [
        0.27747916666666667,
        0.79047395833333334,
        1.269640625,
        1.76721875,
        2.3012291666666669,
        2.7835,
        3.0146197916666666,
        3.4992135416666668,
        3.9853333333333332,
        4.4369739583333336,
        4.9092083333333338,
        5.3777760416666665,
        5.9381875,
        6.4340833333333336,
        6.8985416666666666,
        8.2415208333333325,
        8.963234374999999,
        15.038588541666666,
        15.547682291666666,
        16.057552083333334,
        17.172130208333332,
        17.606609375,
        18.952338541666666,
        19.476916666666668,
        20.236619791666666,
        20.70528125,
        21.186041666666668,
        21.673458333333333,
        22.464010416666667,
        22.937828125,
        23.38553125,
        23.84625,
        24.06928125,
        24.478546875,
        24.921760416666668,
        25.401515625000002,
        25.882109375,
        26.403276041666665,
        26.841067708333334,
        27.159130208333334,
        27.972984375,
        28.490041666666666,
        29.031942708333332,
        29.557916666666667
      ],
      "click_arrival_times_datetime": [
        "29-Jul-2024 12:35:03",
        "29-Jul-2024 12:35:03",
        "29-Jul-2024 12:35:04",
        "29-Jul-2024 12:35:04",
        "29-Jul-2024 12:35:05",
        "29-Jul-2024 12:35:05",
        "29-Jul-2024 12:35:06",
        "29-Jul-2024 12:35:06",
        "29-Jul-2024 12:35:06",
        "29-Jul-2024 12:35:07",
        "29-Jul-2024 12:35:07",
        "29-Jul-2024 12:35:08",
        "29-Jul-2024 12:35:08",
        "29-Jul-2024 12:35:09",
        "29-Jul-2024 12:35:09",
        "29-Jul-2024 12:35:11",
        "29-Jul-2024 12:35:11",
        "29-Jul-2024 12:35:18",
        "29-Jul-2024 12:35:18",
        "29-Jul-2024 12:35:19",
        "29-Jul-2024 12:35:20",
        "29-Jul-2024 12:35:20",
        "29-Jul-2024 12:35:21",
        "29-Jul-2024 12:35:22",
        "29-Jul-2024 12:35:23",
        "29-Jul-2024 12:35:23",
        "29-Jul-2024 12:35:24",
        "29-Jul-2024 12:35:24",
        "29-Jul-2024 12:35:25",
        "29-Jul-2024 12:35:25",
        "29-Jul-2024 12:35:26",
        "29-Jul-2024 12:35:26",
        "29-Jul-2024 12:35:27",
        "29-Jul-2024 12:35:27",
        "29-Jul-2024 12:35:27",
        "29-Jul-2024 12:35:28",
        "29-Jul-2024 12:35:28",
        "29-Jul-2024 12:35:29",
        "29-Jul-2024 12:35:29",
        "29-Jul-2024 12:35:30",
        "29-Jul-2024 12:35:30",
        "29-Jul-2024 12:35:31",
        "29-Jul-2024 12:35:32",
        "29-Jul-2024 12:35:32"
      ],
      "boat_lat_dms": 1525.2600909090909,
      "boat_lon_dms": -6133.56059090909,
      "boat_lat_deg": 15.421001515151515,
      "boat_lon_deg": -61.559343181818164,
      "boat_heading_deg": 2.5504545454545453,
      "bearing_deg": -10.865204622110848,
      "Fs": 192000,
      "click_amplitudes": [
        0.0033879007970485618,
        0.0042535052297591209,
        0.0097425256738715854,
        0.028376074921230204,
        0.013979408934617679,
        0.0410822994612924,
        0.071485676612110263,
        0.011492051234707435,
        0.0093099546462434273,
        0.014907896695088326,
        0.019221763543998172,
        0.011061677003537241,
        0.010667336432626408,
        0.0090321004301790013,
        0.0020632414107250082,
        0.0018838759762718022,
        0.0016067199335873621,
        0.000832559244882153,
        0.001034395338869796,
        0.0014645238607527134,
        0.0010694999935375409,
        0.0015686302130152087,
        0.0021132515814022189,
        0.0017125216087375225,
        0.0020906588357580088,
        0.0035789819094070095,
        0.010482872034847431,
        0.030147997086359048,
        0.013798139836121437,
        0.056264571066853723,
        0.017487436813716607,
        0.0091264461153491468,
        0.010995742954491324,
        0.0099210046699388654,
        0.0091528652978288463,
        0.013653122342224671,
        0.010062003162291163,
        0.010564928786045303,
        0.010415156209609392,
        0.010263599257764527,
        0.0373113629371229,
        0.013228090102096125,
        0.0076937171458991219,
        0.0049103367369890977
      ]
    }
  ]
}