{
  "Whale_output": [
    {
      "Whale_id": 5,
      "click_arrival_times_sec": [
        3.3252291666666665,
        3.8581770833333335,
        4.4153229166666668,
        5.2809375,
        5.9555052083333333,
        6.1955937500000005,
        7.3670104166666661,
        7.8961614583333333,
        8.47859375,
        15.252229166666666,
        15.844182291666666,
        16.98221875,
        17.869739583333335,
        18.1976875,
        19.501385416666668,
        19.949130208333333,
        20.828401041666666,
        22.715072916666667,
        23.130963541666667,
        23.550510416666668,
        24.06103125,
        25.272104166666665,
        25.998885416666667,
        26.428984375,
        27.286229166666665,
        28.771390625,
        29.75146875
      ],
      "click_arrival_times_datetime": [
        "29-Jul-2024 12:35:06",
        "29-Jul-2024 12:35:06",
        "29-Jul-2024 12:35:07",
        "29-Jul-2024 12:35:08",
        "29-Jul-2024 12:35:08",
        "29-Jul-2024 12:35:09",
        "29-Jul-2024 12:35:10",
        "29-Jul-2024 12:35:10",
        "29-Jul-2024 12:35:11",
        "29-Jul-2024 12:35:18",
        "29-Jul-2024 12:35:18",
        "29-Jul-2024 12:35:19",
        "29-Jul-2024 12:35:20",
        "29-Jul-2024 12:35:21",
        "29-Jul-2024 12:35:22",
        "29-Jul-2024 12:35:22",
        "29-Jul-2024 12:35:23",
        "29-Jul-2024 12:35:25",
        "29-Jul-2024 12:35:26",
        "29-Jul-2024 12:35:26",
        "29-Jul-2024 12:35:27",
        "29-Jul-2024 12:35:28",
        "29-Jul-2024 12:35:28",
        "29-Jul-2024 12:35:29",
        "29-Jul-2024 12:35:30",
        "29-Jul-2024 12:35:31",
        "29-Jul-2024 12:35:32"
      ],
      "boat_lat_dms": 1525.2601111111112,
      "boat_lon_dms": -6133.5606296296291,
      "boat_lat_deg": 15.421001851851853,
      "boat_lon_deg": -61.559343827160482,
      "boat_heading_deg": 2.5562962962962952,
      "bearing_deg": -17.313306177611771,
      "Fs": 192000,
      "click_amplitudes": [
        0.0033294224780047207,
        0.0027353871697373441,
        0.0032126300200828683,
        0.0016116935029492335,
        0.0021061320959732889,
        0.00976761769816522,
        0.0018389780022789941,
        0.002147643771829591,
        0.002328944972945563,
        0.006203663931710012,
        0.0053435120787880324,
        0.0067286185880594054,
        0.0033072923194803175,
        0.0023387697628179469,
        0.00228887572818854,
        0.0020689799777438142,
        0.0016263310708541461,
        0.0016705894551258317,
        0.0015403736895498209,
        0.0018530511250262947,
        0.0026664177764873917,
        0.0024872810568002993,
        0.00219040390206943,
        0.0021818706475509285,
        0.002277609803975135,
        0.0020481079577434761,
        0.00255750287374456
      ]
    }
  ]
}