{
  "Whale_output": [
    {
      "Whale_id": 6,
      "boat_lat_dms": 1525.2596206896546,
      "boat_lon_dms": -6133.56074137931,
      "boat_lat_deg": 15.42099367816091,
      "boat_lon_deg": -61.55934568965516,
      "boat_heading_deg": 2.6353448275862061,
      "bearing_deg": 147.43826370772913,
      "Fs": 192000,
      "click_amplitudes": [
        0.022261425986091744,
        0.027026471965586638,
        0.048068239626194428,
        0.043539447774206673,
        0.040450067883336,
        0.011756855473807401,
        0.0047711803110585512,
        0.0050905646601797985,
        0.015939660775978921,
        0.047761447207024806,
        0.10445525417300153,
        0.11855556158074364,
        0.17200123954568602,
        0.3348874305858151,
        0.14291778553624176,
        0.057764777883229264,
        0.021896048656008856,
        0.0049939803826418031,
        0.0058192240692356749,
        0.0056820119404827054,
        0.0074823300899259475,
        0.0157133022928818,
        0.043554153745956906,
        0.046909915672958762,
        0.025388521890425921,
        0.019892215103458188,
        0.024863159073944888,
        0.036563830162485031,
        0.037523893685624192,
        0.021540829316193728,
        0.010855526082599357,
        0.020574252035077019,
        0.032713313899255331,
        0.030371221719258351,
        0.021585130584071813,
        0.01638209137513677,
        0.013544812618320794,
        0.014351835061226484,
        0.016037782324060407,
        0.018719188317075076,
        0.018653686219586171,
        0.027324190538335857,
        0.037207445172137185,
        0.02377400359934672,
        0.017873070299411077,
        0.021833370351754915,
        0.015543551736935285,
        0.011601684023514806,
        0.012440485853011935,
        0.012870208824244013,
        0.018237389403977372,
        0.020710873658664055,
        0.017898543177820317,
        0.026219751147020177,
        0.028871234438646004,
        0.048532738154266938,
        0.034225490420632311,
        0.02954442800334954
      ]
    }
  ]
}