{
  "Whale_output": [
    {
      "Whale_id": 3,
      "boat_lat_dms": 1525.258759999999,
      "boat_lon_dms": -6133.5609999999988,
      "boat_lat_deg": 15.420979333333317,
      "boat_lon_deg": -61.559349999999981,
      "boat_heading_deg": 2.787199999999999,
      "bearing_deg": -160.78929644667417,
      "Fs": 192000,
      "click_amplitudes": [
        0.026459563037562615,
        0.010368683204476465,
        0.00830194294874273,
        0.034649219420782938,
        0.030461070161875377,
        0.014902500944130644,
        0.008262625086337733,
        0.0087838143747850685,
        0.02903956949063359,
        0.014884988673264023,
        0.028885826250987186,
        0.032428980906694826,
        0.0276547133228998,
        0.011371347701006033,
        0.016578817767718853,
        0.027240418932428442,
        0.021977777505532713,
        0.026742043307056335,
        0.029610960613969846,
        0.028158210976017995,
        0.024244381214239157,
        0.016330636888114463,
        0.012923181501346099,
        0.016271564700732738,
        0.02327179708504442
      ]
    }
  ]
}