{
  "Whale_output": [
    {
      "Whale_id": 5,
      "boat_lat_dms": 1525.2601111111112,
      "boat_lon_dms": -6133.5606296296291,
      "boat_lat_deg": 15.421001851851853,
      "boat_lon_deg": -61.559343827160482,
      "boat_heading_deg": 2.5562962962962952,
      "bearing_deg": -17.313306177611771,
      "Fs": 192000,
      "click_amplitudes": [
        0.0033294224780047207,
        0.0027353871697373441,
        0.0032126300200828683,
        0.0016116935029492335,
        0.0021061320959732889,
        0.00976761769816522,
        0.0018389780022789941,
        0.002147643771829591,
        0.002328944972945563,
        0.006203663931710012,
        0.0053435120787880324,
        0.0067286185880594054,
        0.0033072923194803175,
        0.0023387697628179469,
        0.00228887572818854,
        0.0020689799777438142,
        0.0016263310708541461,
        0.0016705894551258317,
        0.0015403736895498209,
        0.0018530511250262947,
        0.0026664177764873917,
        0.0024872810568002993,
        0.00219040390206943,
        0.0021818706475509285,
        0.002277609803975135,
        0.0020481079577434761,
        0.00255750287374456
      ]
    }
  ]
}