{
  "Whale_output": [
    {
      "Whale_id": 3,
      "click_arrival_times_sec": [
        0.39703645833333334,
        0.88734895833333338,
        1.93634375,
        2.8863802083333332,
        3.4049427083333335,
        3.9314999999999998,
        4.4536666666666669,
        4.9842031250000005,
        6.068015625,
        6.5796770833333333,
        7.6417291666666669,
        8.2197708333333335,
        8.7472916666666656,
        10.764598958333334,
        11.277296875000001,
        11.835994791666668,
        13.33471875,
        13.855005208333333,
        14.39740625,
        14.932552083333334,
        15.420338541666666,
        15.909786458333333,
        16.393598958333332,
        17.445776041666665,
        17.984635416666666
      ],
      "click_arrival_times_datetime": [
        "29-Jul-2024 12:35:03",
        "29-Jul-2024 12:35:03",
        "29-Jul-2024 12:35:04",
        "29-Jul-2024 12:35:05",
        "29-Jul-2024 12:35:06",
        "29-Jul-2024 12:35:06",
        "29-Jul-2024 12:35:07",
        "29-Jul-2024 12:35:07",
        "29-Jul-2024 12:35:09",
        "29-Jul-2024 12:35:09",
        "29-Jul-2024 12:35:10",
        "29-Jul-2024 12:35:11",
        "29-Jul-2024 12:35:11",
        "29-Jul-2024 12:35:13",
        "29-Jul-2024 12:35:14",
        "29-Jul-2024 12:35:14",
        "29-Jul-2024 12:35:16",
        "29-Jul-2024 12:35:16",
        "29-Jul-2024 12:35:17",
        "29-Jul-2024 12:35:17",
        "29-Jul-2024 12:35:18",
        "29-Jul-2024 12:35:18",
        "29-Jul-2024 12:35:19",
        "29-Jul-2024 12:35:20",
        "29-Jul-2024 12:35:20"
      ],
      "boat_lat_dms": 1525.258759999999,
      "boat_lon_dms": -6133.5609999999988,
      "boat_lat_deg": 15.420979333333317,
      "boat_lon_deg": -61.559349999999981,
      "boat_heading_deg": 2.787199999999999,
      "bearing_deg": -160.78929644667417,
      "Fs": 192000,
      "click_amplitudes": [
        0.026459563037562615,
        0.010368683204476465,
        0.00830194294874273,
        0.034649219420782938,
        0.030461070161875377,
        0.014902500944130644,
        0.008262625086337733,
        0.0087838143747850685,
        0.02903956949063359,
        0.014884988673264023,
        0.028885826250987186,
        0.032428980906694826,
        0.0276547133228998,
        0.011371347701006033,
        0.016578817767718853,
        0.027240418932428442,
        0.021977777505532713,
        0.026742043307056335,
        0.029610960613969846,
        0.028158210976017995,
        0.024244381214239157,
        0.016330636888114463,
        0.012923181501346099,
        0.016271564700732738,
        0.02327179708504442
      ]
    }
  ]
}