{
  "Whale_output": [
    {
      "Whale_id": 1,
      "click_arrival_times_sec": [
        0.142859375,
        0.59772395833333336,
        1.0697395833333334,
        1.5346979166666668,
        2.3691041666666668,
        3.1540625,
        3.7939583333333333,
        4.7082916666666668,
        5.1524010416666668,
        5.5852760416666669,
        6.0061354166666669,
        6.86853125,
        7.3031770833333329,
        8.7352708333333329,
        12.0810625,
        12.500380208333333,
        12.923677083333333,
        13.373505208333333,
        13.876140625,
        14.414989583333334,
        15.487364583333333,
        16.016166666666667,
        16.535442708333335
      ],
      "click_arrival_times_datetime": [
        "29-Jul-2024 12:35:03",
        "29-Jul-2024 12:35:03",
        "29-Jul-2024 12:35:04",
        "29-Jul-2024 12:35:04",
        "29-Jul-2024 12:35:05",
        "29-Jul-2024 12:35:06",
        "29-Jul-2024 12:35:06",
        "29-Jul-2024 12:35:07",
        "29-Jul-2024 12:35:08",
        "29-Jul-2024 12:35:08",
        "29-Jul-2024 12:35:09",
        "29-Jul-2024 12:35:09",
        "29-Jul-2024 12:35:10",
        "29-Jul-2024 12:35:11",
        "29-Jul-2024 12:35:15",
        "29-Jul-2024 12:35:15",
        "29-Jul-2024 12:35:15",
        "29-Jul-2024 12:35:16",
        "29-Jul-2024 12:35:16",
        "29-Jul-2024 12:35:17",
        "29-Jul-2024 12:35:18",
        "29-Jul-2024 12:35:19",
        "29-Jul-2024 12:35:19"
      ],
      "boat_lat_dms": 1525.2587391304339,
      "boat_lon_dms": -6133.561,
      "boat_lat_deg": 15.420978985507231,
      "boat_lon_deg": -61.559349999999995,
      "boat_heading_deg": 2.7895652173913028,
      "bearing_deg": 84.662463419629546,
      "Fs": 192000,
      "click_amplitudes": [
        0.01188634564256612,
        0.011100702311414523,
        0.00904976282600193,
        0.014141159999990851,
        0.018130317699435732,
        0.031988516441321169,
        0.01489738904619436,
        0.0089305294422359887,
        0.01005252542526652,
        0.010757676888094418,
        0.0099859039999360584,
        0.009278183304693044,
        0.0077361238185149808,
        0.05227088988951771,
        0.010228547965047982,
        0.010029535580806007,
        0.00785505383826122,
        0.0066226656245314281,
        0.0057016954377135092,
        0.011802273879322882,
        0.0071153368384017195,
        0.0099077624333879719,
        0.0080810704048011484
      ]
    }
  ]
}